date,start_ist,sport,sub_sport,indoor,hr_source,duration_min,distance_km,avg_hr,max_hr,avg_power_w,np_w,pace_min_km,pace_corrected_min_km,avg_cadence,avg_temp_c,ascent_m,training_effect,calories,file,decoupling_pct,garmin_vo2max,garmin_recovery_h,channels,duplicate_of,planned_min,title
2026-08-06,07:14,cycling,virtual_activity,True,strap,93.6,22.11,124,162,122.0,,,,76.0,,642.0,,690,2026-08-05_01_Col_du_Galibier.fit,10.8,,,4,,89.0,Over-Unders | Indoor Cycling
2026-08-06,07:15,cycling,indoor_cycling,True,strap,93.0,0.0,125,162,,,,,,,,3.0,723,tp-5932731.2026-08-06-03-18-48-438Z.GarminPing.AAAAAGpz_RgtNcqM.FIT,,49.6,22.4,2,2026-08-05_01_Col_du_Galibier.fit,89.0,Over-Unders | Indoor Cycling
2026-08-07,09:47,running,treadmill,True,wrist,50.0,6.19,136,148,228.0,229.0,8:05,9:11,77.0,,,2.4,494,tp-5932731.2026-08-07-05-11-54-125Z.GarminPing.AAAAAGp1aRkThR6g.FIT,4.0,,14.3,4,,0.0,Treadmill Running
2026-08-08,05:59,cycling,virtual_activity,True,strap,193.2,77.53,135,164,101.0,,,,70.0,,199.0,,1174,2026-08-07_04_70_3_Build.fit,19.6,,,4,,193.0,70.3 Build | Indoor Cycling
2026-08-08,06:00,cycling,indoor_cycling,True,strap,192.0,0.0,135,164,,,,,,,,3.6,1552,tp-5932731.2026-08-08-03-43-20-431Z.GarminPing.AAAAAGp2pdgRjHtp.FIT,,49.6,26.4,2,2026-08-07_04_70_3_Build.fit,193.0,70.3 Build | Indoor Cycling
2026-08-08,09:21,running,generic,False,wrist,39.6,5.25,151,173,244.0,265.0,7:33,7:33,78.0,27.0,25.0,2.8,420,tp-5932731.2026-08-08-04-32-13-507Z.GarminPing.AAAAAGp2sU0Y12Al.FIT,9.4,48.7,38.8,5,,40.0,70.3 Run Off Bike
2026-08-13,08:15,cycling,virtual_activity,True,wrist,98.9,36.74,134,169,113.0,,,,77.0,,365.0,,674,2026-08-12_10_Over_Unders.fit,13.9,,,4,,99.0,Over-Unders
2026-08-18,08:12,cycling,virtual_activity,True,strap,78.4,32.29,129,161,106.0,,,,59.0,,99.0,,502,2026-08-17_11_High_Power_Big_Gear_Strength_Work.fit,8.9,,,4,,78.0,High Power Big Gear Strength Work
2026-08-18,08:41,cycling,indoor_cycling,True,strap,49.4,0.0,133,162,,,,,,,,2.6,438,tp-5932731.2026-08-18-04-01-41-973Z.GarminPing.AAAAAGqD2SXVJhcU.FIT,,48.7,19.4,2,2026-08-17_11_High_Power_Big_Gear_Strength_Work.fit,78.0,High Power Big Gear Strength Work
2026-08-19,07:08,running,generic,False,wrist,66.0,10.0,156,197,280.0,301.0,6:36,6:36,81.0,27.0,31.0,4.1,782,tp-5932731.2026-08-19-02-46-22-071Z.GarminPing.AAAAAGqFGP3xXglV.FIT,5.9,48.2,43.3,5,,60.0,Run intervals
2026-08-19,18:30,swimming,lap_swimming,True,wrist,49.7,1.65,126,148,,,,,23.0,,,2.6,439,tp-5932731.2026-08-19-14-02-25-826Z.GarminPing.AAAAAGqFt3EJJxws.FIT,,,43.2,0,,60.0,Swim (Test Set)
2026-08-20,06:53,cycling,virtual_activity,True,strap,63.8,26.07,137,170,116.0,,,,78.0,,163.0,,446,2026-08-19_13_Threshold_Z4_Tolerance.fit,-0.4,,,4,,63.0,Threshold Z4 Tolerance | Indoor Cycling
2026-08-20,06:54,cycling,indoor_cycling,True,strap,62.9,0.0,138,170,,,,,,,,3.1,582,tp-5932731.2026-08-20-02-28-32-856Z.GarminPing.AAAAAGqGZlA3RFg2.FIT,,48.2,33.6,2,2026-08-19_13_Threshold_Z4_Tolerance.fit,63.0,Threshold Z4 Tolerance | Indoor Cycling
2026-08-21,08:30,swimming,lap_swimming,True,wrist,49.6,1.73,127,152,,,,,24.0,,,2.3,429,tp-5932731.2026-08-21-04-12-01-716Z.GarminPing.AAAAAGqH0BHYiuaV.FIT,,,15.5,0,,60.0,Swim key
2026-08-22,11:56,cycling,indoor_cycling,True,strap,115.8,0.0,145,172,,,,,,,,4.1,1120,tp-5932731.2026-08-22-08-22-35-958Z.GarminPing.AAAAAGqJXEtAWasx.FIT,,48.2,52.2,2,2026-08-22_09_Sweetspot_Development.fit,114.0,Sweetspot Development | Indoor Cycling
2026-08-22,11:58,cycling,virtual_activity,True,strap,114.2,47.85,145,172,116.0,,,,80.0,,217.0,,800,2026-08-22_09_Sweetspot_Development.fit,9.3,,,4,,114.0,Sweetspot Development | Indoor Cycling
2026-08-22,13:58,running,generic,False,wrist,36.8,5.03,157,168,260.0,264.0,7:19,7:19,82.0,30.0,15.0,2.7,401,tp-5932731.2026-08-22-09-09-39-565Z.GarminPing.AAAAAGqJZ1OtJu8f.FIT,-0.1,47.5,72.2,5,,35.0,70.3 Run Off Bike
2026-08-24,18:46,running,treadmill,True,wrist,21.0,2.21,125,146,186.0,204.0,9:31,10:49,69.0,,,1.6,168,tp-5932731.2026-08-24-13-39-17-609Z.GarminPing.AAAAAGqMSYW6tCSa.FIT,,,26.6,4,,45.0,Run opt (low stress resilience) Z1
2026-08-25,07:14,cycling,virtual_activity,True,wrist,45.3,16.6,125,145,97.0,,,,84.0,,115.0,,266,2026-08-24_19_Cadence_work.fit,9.2,,,4,,45.0,Cadence work
2026-08-25,19:39,swimming,lap_swimming,True,wrist,41.9,1.57,131,146,,,,,24.0,,,2.4,394,tp-5932731.2026-08-25-15-32-03-247Z.GarminPing.AAAAAGqNtXOE0dYz.FIT,,,20.4,0,,50.0,Swim 109 - Pull and Breathe
2026-08-27,08:07,cycling,virtual_activity,True,strap,63.1,9.18,121,149,102.0,,,,69.0,,377.0,,390,2026-08-26_20_High_Power_Big_Gear_Strength_Work.fit,7.7,,,4,,63.0,High Power Big Gear Strength Work
2026-08-27,08:07,cycling,indoor_cycling,True,strap,62.3,0.0,122,149,,,,,,,,2.1,429,tp-5932731.2026-08-27-03-41-00-887Z.GarminPing.AAAAAGqPscxljLq0.FIT,,47.5,10.7,2,2026-08-26_20_High_Power_Big_Gear_Strength_Work.fit,63.0,High Power Big Gear Strength Work
2026-09-07,19:02,running,generic,False,wrist,90.2,10.64,145,171,224.0,226.0,8:29,8:29,79.0,30.0,10.0,2.7,765,tp-5932731.2026-09-07-15-21-21-805Z.GarminPing.AAAAAGqe1nEE6fWU.FIT,7.5,46.9,23.6,5,,0.0,Running
2026-09-08,07:55,cycling,virtual_activity,True,strap,45.2,16.94,133,155,101.0,,,,86.0,,116.0,,275,2026-09-07_23_Cadence_work.fit,8.7,,,4,,45.0,Cadence work | Indoor Cycling
2026-09-08,07:55,cycling,indoor_cycling,True,strap,45.2,0.0,133,155,,,,,,,,2.4,393,tp-5932731.2026-09-08-03-10-42-335Z.GarminPing.AAAAAGqffK4w7OWK.FIT,,46.9,16.5,2,2026-09-07_23_Cadence_work.fit,45.0,Cadence work | Indoor Cycling
2026-09-10,08:02,cycling,indoor_cycling,True,strap,64.3,0.0,125,158,,,,,,,,2.3,465,tp-5932731.2026-09-10-03-37-11-554Z.GarminPing.AAAAAGqiJef_nmJD.FIT,,46.9,13.4,2,2026-09-09_25_High_Power_Big_Gear_Strength_Work.fit,63.0,High Power Big Gear Strength Work
2026-09-10,08:03,cycling,virtual_activity,True,strap,63.2,16.92,126,158,100.0,,,,70.0,,324.0,,383,2026-09-09_25_High_Power_Big_Gear_Strength_Work.fit,9.9,,,4,,63.0,High Power Big Gear Strength Work
2026-09-12,08:25,cycling,virtual_activity,True,strap,158.3,62.31,139,165,100.0,,,,77.0,,266.0,,958,2026-09-11_27_Longer_Endurance_Development_11_Mixed_Indoor.fit,14.2,,,4,,158.0,Longer Endurance Development (11) - Mixed - Indoor | Indoor Cycling
2026-09-12,08:38,cycling,indoor_cycling,True,strap,146.0,0.0,142,165,,,,,,,,3.5,1331,tp-5932731.2026-09-12-05-34-48-035Z.GarminPing.AAAAAGqk5Hf3FKrH.FIT,,46.9,24.2,2,2026-09-11_27_Longer_Endurance_Development_11_Mixed_Indoor.fit,158.0,Longer Endurance Development (11) - Mixed - Indoor | Indoor Cycling
2026-09-15,09:58,cycling,virtual_activity,True,strap,80.2,32.68,130,154,97.0,,,,80.0,,65.0,,470,2026-09-14_32_Endurance_Z2_Development.fit,14.8,,,4,,80.0,Endurance Z2 Development | Indoor Cycling
2026-09-15,10:11,cycling,indoor_cycling,True,strap,67.6,0.0,135,154,,,,,,,,2.6,614,tp-5932731.2026-09-15-05-49-13-864Z.GarminPing.AAAAAGqo3FlPy22g.FIT,,46.9,15.5,2,2026-09-14_32_Endurance_Z2_Development.fit,80.0,Endurance Z2 Development | Indoor Cycling
2026-09-16,08:15,running,generic,False,wrist,60.1,7.49,149,162,248.0,250.0,8:01,8:01,81.0,30.0,21.0,2.5,574,tp-5932731.2026-09-16-04-00-14-505Z.GarminPing.AAAAAGqqFE6RH2_8.FIT,4.3,46.3,17.6,5,,45.0,Run opt (low stress resilience) Z1
2026-09-17,19:33,cycling,virtual_activity,True,strap,80.3,29.83,134,175,99.0,,,,75.0,,193.0,,483,2026-09-17_30_VO_Repeats.fit,8.8,,,4,,80.0,VO₂ Repeats | Indoor Cycling
2026-09-17,19:56,cycling,indoor_cycling,True,strap,58.5,0.0,140,175,,,,,,,,2.9,534,tp-5932731.2026-09-17-15-25-18-237Z.GarminPing.AAAAAGqsBl4NltBe.FIT,,46.3,19.1,2,2026-09-17_30_VO_Repeats.fit,80.0,VO₂ Repeats | Indoor Cycling
2026-09-19,09:07,cycling,indoor_cycling,True,strap,182.9,0.0,142,168,,,,,,,,3.6,1573,tp-5932731.2026-09-19-06-41-28-288Z.GarminPing.AAAAAGquLpgtdKAP.FIT,,46.3,33.2,2,2026-09-19_36_Longer_Endurance_Development.fit,180.0,Longer Endurance Development | Indoor Cycling
2026-09-19,09:08,cycling,virtual_activity,True,strap,181.0,70.06,141,167,101.0,,,,74.0,,334.0,,1109,2026-09-19_36_Longer_Endurance_Development.fit,9.0,,,4,,180.0,Longer Endurance Development | Indoor Cycling
2026-09-20,17:03,running,treadmill,True,wrist,74.5,10.33,158,199,265.0,280.0,7:13,8:12,79.0,,,4.2,841,tp-5932731.2026-09-20-12-51-07-407Z.GarminPing.AAAAAGqv1ruM41IR.FIT,6.9,,61.2,4,,80.0,Tempo Intervals Key
2026-09-21,17:27,running,treadmill,True,wrist,25.6,3.1,133,143,236.0,237.0,8:16,9:24,77.0,,,2.0,238,tp-5932731.2026-09-21-12-23-31-071Z.GarminPing.AAAAAGqxIcJv16BX.FIT,,,37.7,4,,55.0,Run opt (low stress resilience) Z1 | Running
2026-09-21,17:53,running,generic,False,wrist,11.3,1.4,139,174,248.0,256.0,8:04,8:04,81.0,26.0,2.0,1.9,104,tp-5932731.2026-09-21-12-43-35-069Z.GarminPing.AAAAAGqxJnYLsFKl.FIT,,46.3,37.5,5,,55.0,Run opt (low stress resilience) Z1 | Running
2026-09-23,17:54,running,generic,False,strap,87.9,13.02,160,170,292.0,294.0,6:45,6:45,84.0,28.0,27.0,4.0,1065,run_0923.fit,5.5,45.8,64.3,7,,,
2026-09-27,06:16,running,generic,False,wrist,142.6,21.28,164,181,294.0,300.0,6:42,6:42,83.0,27.0,97.0,5.0,1753,race.fit,2.0,46.2,78.0,5,,,
