month,run_pace_at_hr150,run_pace_at_hr155,run_pace_at_hr160,run_pace_at_hr165,run_outdoor_samples,bike_hr_at_106w,bike_w_per_beat_at_106w,bike_power_at_hr133,swim_pace_at_hr130_per_100m,long_session_decoupling_pct,long_sessions_n,garmin_vo2max,resting_hr,hrv,sleep_h,weight_kg
2025-09,9:18,8:51,,,1076,,,,2:15,,0,46.4,48.5,43.5,6.6,
2025-10,,,,,309,,,,2:13,-3.9,1,46.4,47.0,45.0,6.4,81.0
2025-11,,,,,2708,,,,2:43,8.4,1,46.4,51.5,41.0,6.7,
2025-12,,,,,0,,,,2:41,12.9,3,46.4,50.0,48.0,7.0,
2026-01,6:46,6:38,6:12,5:56,18814,,,134.0,2:34,6.6,6,45.9,49.0,47.0,6.4,78.0
2026-02,6:59,6:47,6:24,6:28,14045,116.0,0.91,134.0,2:31,5.1,4,47.0,50.0,40.0,6.4,
2026-03,8:23,8:26,,,3000,,,,2:26,,0,45.85,51.0,40.0,6.8,
2026-04,,,,,2141,139.0,0.76,75.0,2:25,30.9,1,45.7,57.0,41.0,5.6,
2026-05,,,,,0,,,80.0,2:30,12.3,1,,50.5,39.0,5.2,
2026-06,8:28,,,,6606,132.0,0.8,79.0,2:27,2.0,4,46.6,52.0,38.0,6.6,
2026-07,8:01,6:31,6:06,5:58,18407,134.0,0.79,104.0,,9.7,5,47.5,50.0,45.5,6.5,
2026-08,8:05,7:32,7:17,6:41,3390,119.0,0.89,126.0,2:38,13.9,3,48.2,56.5,40.0,6.7,78.0
2026-09,8:05,8:03,6:59,6:31,15861,138.0,0.77,110.0,,8.2,4,46.3,62.0,39.0,6.5,83.0
