week_start,bike_h,run_h,swim_h,other_h,total_h,tp_shows_h,bike_km,run_km,swim_km,sessions,planned_sessions,completed_planned,unplanned_sessions,completion_pct,planned_h,hr_load,gap_days,resting_hr_med,hrv_med,sleep_h_med,wellness_days
2025-09-15,1.8,1.4,1.5,0.3,5.0,5.8,0.0,8.0,1.8,6.0,7.0,7.0,1.0,100.0,6.0,299.0,0,,,,
2025-09-22,0.9,2.5,2.2,0.0,5.6,8.0,22.2,17.3,3.1,9.0,12.0,12.0,0.0,100.0,10.1,361.9,0,,,,
2025-09-29,3.4,3.2,2.9,0.0,9.5,13.0,17.3,23.0,4.0,10.0,12.0,12.0,2.0,100.0,10.8,578.3,0,,,,
2025-10-06,4.1,2.3,3.1,0.2,9.7,12.4,15.1,17.9,4.0,11.0,11.0,10.0,4.0,90.9,10.7,559.6,0,,,,
2025-10-13,2.1,2.0,2.1,0.0,6.2,7.3,44.1,17.1,2.8,8.0,10.0,8.0,2.0,80.0,8.1,417.5,0,,,,
2025-10-20,3.9,2.8,2.8,0.0,9.5,11.1,55.6,22.1,4.3,10.0,12.0,10.0,1.0,83.3,11.4,544.7,0,,,,
2025-10-27,1.9,1.3,1.6,0.0,4.7,5.6,24.4,9.7,1.5,6.0,12.0,7.0,1.0,58.3,12.2,298.4,8,,,,
2025-11-03,0.6,0.0,0.0,0.0,0.6,1.3,0.0,0.0,0.0,1.0,11.0,2.0,0.0,18.2,10.2,39.4,8,,,,
2025-11-10,3.8,3.0,2.5,0.0,9.2,10.8,0.0,20.9,5.3,10.0,11.0,11.0,1.0,100.0,11.2,612.8,0,,,,
2025-11-17,4.4,3.2,2.4,0.0,10.0,13.2,48.6,23.4,5.6,10.0,11.0,10.0,2.0,90.9,12.1,674.6,0,,,,
2025-11-24,2.7,2.2,0.9,0.0,5.8,7.2,18.8,15.5,2.2,8.0,11.0,9.0,1.0,81.8,9.2,347.7,0,,,,
2025-12-01,3.5,2.8,0.8,0.0,7.1,11.8,83.2,21.7,2.0,7.0,11.0,9.0,2.0,81.8,10.7,431.5,0,,,,
2025-12-08,2.9,1.7,0.5,0.0,5.1,8.5,31.7,14.4,1.2,5.0,11.0,6.0,2.0,54.5,12.2,338.7,10,,,,
2025-12-15,0.0,0.0,0.0,0.0,0.0,0.0,0.0,0.0,0.0,0.0,0.0,0.0,0.0,,0.0,0.0,10,,,,
2025-12-22,4.1,0.0,0.6,0.0,4.7,4.9,89.9,0.0,1.8,5.0,7.0,1.0,4.0,14.3,6.4,330.4,10,,,,
2025-12-29,5.8,3.2,1.8,0.0,10.7,14.6,115.6,25.0,4.1,8.0,11.0,10.0,2.0,90.9,12.4,766.0,0,,,,
2026-01-05,3.8,2.3,0.0,0.0,6.1,7.4,91.8,21.4,0.0,7.0,9.0,3.0,5.0,33.3,5.8,489.3,0,,,,
2026-01-12,5.7,2.8,3.0,0.0,11.5,17.0,48.3,22.1,7.7,10.0,11.0,10.0,3.0,90.9,13.4,793.3,0,,,,
2026-01-19,4.0,3.3,1.7,0.0,8.9,12.2,79.7,26.7,4.5,7.0,10.0,9.0,1.0,90.0,10.9,603.2,0,,,,
2026-01-26,5.6,1.4,1.6,0.0,8.6,9.8,147.9,12.2,4.0,7.0,9.0,7.0,1.0,77.8,11.0,594.6,0,,,,
2026-02-02,4.5,1.8,2.5,0.0,8.7,14.0,97.8,16.1,6.0,7.0,8.0,8.0,2.0,100.0,9.6,587.7,0,,,,
2026-02-09,4.4,2.8,1.5,0.0,8.7,10.1,117.3,24.0,3.4,7.0,7.0,3.0,7.0,42.9,4.5,634.3,38,,,,
2026-02-16,0.0,0.0,0.0,0.0,0.0,0.0,0.0,0.0,0.0,0.0,0.0,0.0,0.0,,0.0,0.0,38,,,,
2026-02-23,0.0,0.0,0.0,0.0,0.0,0.0,0.0,0.0,0.0,0.0,0.0,0.0,0.0,,0.0,0.0,38,,,,
2026-03-02,0.0,0.0,0.0,0.0,0.0,0.0,0.0,0.0,0.0,0.0,0.0,0.0,0.0,,0.0,0.0,38,,,,
2026-03-09,0.0,0.0,0.0,0.0,0.0,0.0,0.0,0.0,0.0,0.0,0.0,0.0,0.0,,0.0,0.0,38,,,,
2026-03-16,0.0,0.0,0.0,0.0,0.0,0.0,0.0,0.0,0.0,0.0,0.0,0.0,0.0,,0.0,0.0,38,,,,
2026-03-23,0.0,1.8,1.0,0.9,3.7,3.6,0.0,14.0,2.2,5.0,6.0,4.0,1.0,66.7,6.2,199.0,38,,,,
2026-03-30,0.8,0.0,1.3,0.0,2.1,1.8,19.6,0.0,2.6,2.0,5.0,1.0,1.0,20.0,5.8,117.8,0,,,,
2026-04-06,4.0,0.0,1.3,0.7,6.0,9.4,55.9,0.0,2.0,5.0,7.0,3.0,4.0,42.9,8.9,383.2,0,,,,
2026-04-13,2.0,0.8,0.0,0.0,2.8,5.1,41.0,5.3,0.0,3.0,8.0,4.0,2.0,50.0,10.0,181.6,11,,,,
2026-04-20,0.0,0.0,0.0,0.0,0.0,0.0,0.0,0.0,0.0,0.0,0.0,0.0,0.0,,0.0,0.0,11,,,,
2026-04-27,2.5,0.6,0.7,0.0,3.8,6.0,62.8,4.4,1.2,4.0,10.0,4.0,2.0,40.0,11.2,274.3,19,,,,
2026-05-04,0.0,0.0,0.0,0.0,0.0,0.0,0.0,0.0,0.0,0.0,0.0,0.0,0.0,,0.0,0.0,19,,,,
2026-05-11,0.0,0.0,0.0,0.0,0.0,0.0,0.0,0.0,0.0,0.0,0.0,0.0,0.0,,0.0,0.0,19,,,,
2026-05-18,1.5,0.8,0.0,0.0,2.3,3.8,29.3,6.1,0.0,2.0,10.0,2.0,1.0,20.0,12.0,158.9,19,,,,
2026-05-25,0.0,0.0,0.0,0.0,0.0,0.0,0.0,0.0,0.0,0.0,0.0,0.0,0.0,,0.0,0.0,12,,,,
2026-06-01,1.4,2.3,0.5,0.0,4.3,4.2,33.4,16.7,1.0,4.0,9.0,3.0,1.0,33.3,11.5,327.0,12,,,,
2026-06-08,3.7,0.6,1.6,0.0,5.9,10.8,0.0,5.1,3.4,5.0,10.0,6.0,2.0,60.0,12.6,446.3,0,,,,
2026-06-15,5.5,2.1,0.8,0.0,8.4,13.8,28.4,15.0,1.8,5.0,10.0,5.0,3.0,50.0,12.1,615.6,0,,,,
2026-06-22,4.9,3.0,0.0,0.0,7.9,12.6,36.7,22.3,0.0,5.0,8.0,4.0,4.0,50.0,9.8,600.6,0,,,,
2026-06-29,6.6,0.7,0.6,0.8,8.7,11.6,92.4,5.0,1.4,7.0,8.0,4.0,5.0,50.0,9.0,579.7,0,,,,
2026-07-06,4.1,4.2,0.0,0.0,8.4,12.5,68.1,30.8,0.0,6.0,8.0,4.0,4.0,50.0,10.4,612.3,0,,,,
2026-07-13,7.8,1.0,0.0,0.7,9.6,18.4,120.1,8.2,0.0,6.0,7.0,4.0,6.0,57.1,8.2,591.0,0,,,,
2026-07-20,1.5,1.1,0.0,0.0,2.6,4.0,37.4,11.0,0.0,2.0,7.0,2.0,1.0,28.6,10.5,176.2,0,,,,
2026-07-27,0.0,3.7,0.0,0.0,3.7,3.7,0.0,28.6,0.0,3.0,7.0,3.0,0.0,42.9,8.9,264.8,7,,,,
2026-08-03,4.8,1.5,0.0,0.0,6.3,11.0,99.6,11.4,0.0,4.0,8.0,3.0,3.0,37.5,10.5,420.4,7,,,,
2026-08-10,1.6,0.0,0.0,0.0,1.6,1.6,36.7,0.0,0.0,1.0,9.0,1.0,0.0,11.1,12.6,112.8,0,,,,
2026-08-17,3.8,1.7,1.7,0.0,7.2,11.2,26.1,15.0,3.4,7.0,11.0,7.0,3.0,63.6,11.4,528.4,0,,,,
2026-08-24,1.0,0.4,0.7,0.0,2.1,3.9,0.0,2.2,1.6,3.0,9.0,3.0,2.0,33.3,10.4,121.8,11,,,,
2026-08-31,0.0,0.0,0.0,0.0,0.0,0.0,0.0,0.0,0.0,0.0,0.0,0.0,0.0,,0.0,0.0,11,,,,
2026-09-07,4.5,1.5,0.0,0.0,6.0,10.2,62.3,10.6,0.0,4.0,9.0,3.0,4.0,33.3,10.4,418.2,11,,,,
2026-09-14,5.1,2.2,0.0,0.0,7.4,13.1,70.1,17.8,0.0,5.0,11.0,5.0,3.0,45.5,13.0,563.8,0,,,,
2026-09-21,2.2,4.5,1.1,0.0,7.7,9.7,40.3,38.8,2.0,7.0,10.0,5.0,4.0,50.0,12.8,588.6,0,,,,
2026-09-28,5.9,2.2,1.2,0.0,9.3,10.5,169.7,17.5,2.6,7.0,12.0,7.0,1.0,58.3,13.8,686.9,0,52.5,40.0,7.3,6.0
2026-10-05,0.0,0.0,0.0,0.0,0.0,0.0,0.0,0.0,0.0,0.0,1.0,0.0,0.0,0.0,0.9,0.0,0,,,,
