Title,WorkoutType,WorkoutDescription,PlannedDuration,PlannedDistanceInMeters,WorkoutDay,CoachComments,DistanceInMeters,PowerAverage,PowerMax,Energy,AthleteComments,TimeTotalInHours,VelocityAverage,VelocityMax,CadenceAverage,CadenceMax,HeartRateAverage,HeartRateMax,TorqueAverage,TorqueMax,IF,TSS,HRZone1Minutes,HRZone2Minutes,HRZone3Minutes,HRZone4Minutes,HRZone5Minutes,HRZone6Minutes,HRZone7Minutes,HRZone8Minutes,HRZone9Minutes,HRZone10Minutes,PWRZone1Minutes,PWRZone2Minutes,PWRZone3Minutes,PWRZone4Minutes,PWRZone5Minutes,PWRZone6Minutes,PWRZone7Minutes,PWRZone8Minutes,PWRZone9Minutes,PWRZone10Minutes,Rpe,Feeling
Run opt (low stress resilience) Z1,Run,40/50 min Very low stress Z1 resilience run!,0.75,,2026-09-28,,,,,,,,,,,,,,,,,,,,,,,,,,,,,,,,,,,,,,,
Swim key,Swim,"NASTY 200's. 200 is the theme of the day, and we build to some stronger sustained efforts here. You might not enjoy this one. WARM UP: 5 x 200 kick with fins on back with 15 sec rest progress effort 1 to 5 MAIN SET: 16 x 200 4 x 200 paddles and ankle strap at 80% 4 x 200 progress 1 to 4 to FAST with 30 sec rest 4 x 200 SBB smooth at 70% 4 x 200 at 80-85% with 15 sec rest 4 x 200 progress 1 to 4 to fast with paddles",1.16666666666667,,2026-09-29,,2575.0,,,,,1.12220222579108,0.637060860959921,,25.0,,138.0,164.0,,,0.822229997523736,62.38,9.0,18.0,20.0,8.0,8.0,3.0,0.0,,,,,,,,,,,,,,4.0,3.0
High Power Big Gear Strength Work,Bike,W/u 20 min Smooth build to Z3/SS 5 min easy spin to get ready M/s 6 x 2 min VO2 - Z5/6 @40/49rpm 2 min easy spin between 5 min easy spin INTO: 15 min Tempo Z3/SS @65/75rpm to finish C/d 5 min easy spin,1.28333333333333,,2026-09-29,"- Road or TT bike here. - As with any intervals, always start low in the zone and build as legs feel. If using Zwift don't be limited by ERG mode, and use the bias to increase or decrease power, within the set power range. - RPM is king here, hit the correct rpm even at the expense of a little power, have confidence the power will come as you become stronger. - Consume your replacement/recovery products within the 20/30 min finish window.",33850.5703125,113.0,263.0,527.209,,1.28666663169861,7.30800008773804,,65.0,,128.0,163.0,,,0.903979880269354,104.66,36.0,10.0,8.0,16.0,4.0,2.0,0.0,,,,37.0,7.0,18.0,3.0,0.0,12.0,,,,,,
Run intervals,Run,"10/15 min good building W/u with dynamic stretches and strides 4 x 1200s Build over the first 2 then hold a very strong Z5 pace throughout, 3 min easy walk/jog recovery between 5 mins easy recovery jog INTO 10 mins Tempo Z3/4 to finish 1k easy W/d The goal here is to hit the main set intervals faster than 5k goal race pace!",1.16666666666667,,2026-09-30,Semi soft surface prefered if poss or if you struggle with lower limb injuries!! Can easily be transfered onto TM at 2/3% incline!,7274.16015625,248.0,482.0,804.078,,0.901838600635529,2.2409999370575,,149.0,,143.0,194.0,,,2.92141154972896,850.28,14.0,10.0,5.0,6.0,1.0,1.0,17.0,,,,2.0,13.0,1.0,0.0,0.0,38.0,,,,,5.0,5.0
VO2 Into Tempo,Bike,W/u 20 min Smooth build to Z3/SS 3 min easy spin to get ready 3 min as: 30 sec ON 30sec OFF 3 min easy spin M/s 5 x 5 min - each 5 min as: 30sec V Strong Z6+ INTO 9 x 15sec Z5/6 - 15sec Z2/3 5 min easy spin between C/d 5 min easy spin,1.30416666666667,,2026-10-01,,34147.48046875,114.0,275.0,536.871,,1.30611109733582,7.26200008392334,,79.0,,137.0,168.0,,,0.886919518048151,102.07,26.0,14.0,7.0,9.0,7.0,9.0,7.0,,,,37.0,10.0,10.0,4.0,6.0,11.0,,,,,,
Run opt,Run,Very low stress Z1 resilience run!,0.666666666666667,,2026-10-01,,5038.2998046875,236.0,304.0,592.159,,0.697529733181,2.00600004196167,,154.0,,135.0,144.0,,,2.58774005413055,512.57,2.0,18.0,22.0,0.0,0.0,0.0,0.0,,,,0.0,0.0,0.0,0.0,0.0,41.0,,,,,3.0,5.0
Swim opt,Swim,Recovery. You can keep the effort LOW today and turn the brain off a little. WARM UP: 10 min smooth mix of strokes MAIN SET: 10 x 100 paddles and snorkel: Begin with great stroke length (push through the back) then increase stroke rate as you go (without losing the back of the stroke). effort will climb as you progress.,0.833333333333333,,2026-10-01,,,,,,,,,,,,,,,,,,,,,,,,,,,,,,,,,,,,,,,
Indoor Cycling,Bike,,,,2026-10-01,,0.0,,,,,1.24939441680908,0.0,,,,139.0,168.0,,,0.731043955456483,74.38,24.0,13.0,7.0,9.0,7.0,9.0,6.0,,,,,,,,,,,,,,6.0,5.0
Swim key,Swim,FOCUS: Checkpoint Workout #3 Aim for even pacing and consistent timing. You must keep track with the pace clock to ensure accuracy. We encourage you to keep track of your checkpoint workouts throughout the season. WARM UP: 400 mix of strokes MAIN SET: 16 x 100 with 15 sec rest as: please ensure you take EXACTLY 15 sec rest throughout 2 x 100 smooth and form-focused 2 x 100 build effort over each 100 12 x 100 VERY strong effort. Aim for all the 100's to be close in time. Keep track of your times over the course of your 100's.,1.0,,2026-10-02,,,,,,,,,,,,,,,,,,,,,,,,,,,,,,,,,,,,,,,
70.3 Build,Bike,"W/u 20 min Smooth build to Z3/SS with choice RPM 5 min easy spin to get ready M/s 6 x 15min at Z3/SS - Choice RPM With 7min easy recovery spin between INTO: 7 x 1min Hard, 2min easy C/d 5/10 min Easy spin",3.13333333333333,,2026-10-03,"- Road or TT bike here. - Sustained 70.3 intervals - If training with HR, then you are aiming for high Z3/4. - As with any intervals, always start low in the zone and build as legs feel. If using Zwift don't be limited by ERG mode, and use the bias to increase or decrease power, within the set power range. - Consume your replacement/recovery products within the 20/30 min finish window. Practice race fueling both for the bike n run",101682.859375,,,,,3.26817297935486,8.64299964904785,,78.0,,148.0,164.0,,,0.78311988929783,228.73,8.0,14.0,22.0,79.0,45.0,28.0,2.0,,,,,,,,,,,,,,6.0,3.0
70.3 Run Off Bike,Run,Very easy 5min jog to loosen legs. INTO: 3 x 1600m @Z3/4 or Predicted 70.3 pace ish ROB - (2min easy recovery between) 5min Easy jog W/d,0.666666666666667,,2026-10-03,,5145.990234375,275.0,399.0,618.115,,0.623289167881012,2.29299998283386,,168.0,,154.0,172.0,,,2.96690501055637,600.69,0.0,1.0,1.0,6.0,16.0,12.0,0.0,,,,0.0,0.0,0.0,0.0,0.0,37.0,,,,,7.0,5.0
Run opt (low stress resilience) Z1,Run,Very low stress Z1 resilience run!,1.0,,2026-10-04,,,,,,,,,,,,,,,,,,,,,,,,,,,,,,,,,,,,,,,
Swim opt,Swim,"Optional Swim This is a much lighter endurance swim with skills. Pretty simple session. WARM UP: 3 x swims (200, 300 or 400) #1 swim, #2 pull choice equipment, #3 kick-swim with find. MAIN SET: 20 to 40 x 50 at 80% effort with only 5 rest. Every 5th 50 is at 90% with 3 sights per lap and higher stroke rate.",0.833333333333333,,2026-10-04,,,,,,,,,,,,,,,,,,,,,,,,,,,,,,,,,,,,,,,
Run opt (low stress resilience) Z1,Run,50/60 min Very low stress Z1 resilience run!,0.916666666666667,,2026-10-05,,,,,,,,,,,,,,,,,,,,,,,,,,,,,,,,,,,,,,,
