km,ele_m
0.0,6.2
0.25,6.1
0.5,6.0
0.75,5.9
1.0,5.9
1.25,6.2
1.5,6.3
1.75,6.3
2.0,6.2
2.25,5.9
2.5,5.4
2.75,5.3
3.0,5.3
3.25,5.0
3.5,4.4
3.75,7.4
4.0,6.7
4.25,3.7
4.5,3.0
4.75,3.1
5.0,3.1
5.25,3.1
5.5,3.0
5.75,3.1
6.0,2.8
6.25,2.7
6.5,3.0
6.75,4.1
7.0,4.0
7.25,3.0
7.5,2.7
7.75,2.9
8.0,3.1
8.25,3.0
8.5,3.1
8.75,3.1
9.0,3.1
9.25,3.0
9.5,3.0
9.75,2.9
10.0,2.6
10.25,2.5
10.5,2.8
10.75,3.7
11.0,3.8
11.25,3.4
11.5,3.5
11.75,3.8
12.0,4.3
12.25,4.8
12.5,3.9
12.75,3.8
13.0,5.2
13.25,10.6
13.5,23.6
13.75,38.3
14.0,55.3
14.25,66.9
14.5,65.9
14.75,66.0
15.0,68.7
15.25,69.8
15.5,69.0
15.75,70.3
16.0,66.9
16.25,66.5
16.5,66.3
16.75,61.4
17.0,56.8
17.25,54.5
17.5,43.9
17.75,30.8
18.0,22.0
18.25,15.1
18.5,12.8
18.75,13.9
19.0,14.2
19.25,14.2
19.5,11.2
19.75,5.6
20.0,4.5
20.25,4.7
20.5,4.7
20.75,4.8
21.0,4.9
21.25,4.5
21.5,4.4
21.75,4.7
22.0,6.4
22.25,7.3
22.5,11.1
22.75,13.7
23.0,8.4
23.25,7.9
23.5,11.6
23.75,14.0
24.0,16.4
24.25,18.8
24.5,21.3
24.75,24.0
25.0,22.5
25.25,16.4
25.5,13.2
25.75,12.2
26.0,13.3
26.25,13.6
26.5,13.4
26.75,15.7
27.0,21.2
27.25,28.1
27.5,35.6
27.75,40.9
28.0,36.2
28.25,28.7
28.5,21.7
28.75,16.0
29.0,13.4
29.25,13.6
29.5,12.9
29.75,11.9
30.0,13.1
30.25,16.1
30.5,22.2
30.75,24.1
31.0,21.8
31.25,19.2
31.5,16.7
31.75,14.2
32.0,11.7
32.25,7.8
32.5,7.5
32.75,13.1
33.0,11.4
33.25,7.5
33.5,6.5
33.75,4.7
34.0,4.4
34.25,4.5
34.5,4.9
34.75,4.9
35.0,4.6
35.25,4.7
35.5,4.5
35.75,5.3
36.0,10.8
36.25,14.1
36.5,14.2
36.75,14.0
37.0,12.8
37.25,14.7
37.5,21.5
37.75,30.2
38.0,43.2
38.25,54.2
38.5,56.7
38.75,61.0
39.0,66.1
39.25,66.6
39.5,66.6
39.75,70.2
40.0,69.1
40.25,69.7
40.5,68.9
40.75,66.2
41.0,65.8
41.25,67.1
41.5,56.3
41.75,39.0
42.0,24.7
42.25,11.3
42.5,5.3
42.75,3.9
43.0,3.8
43.25,4.8
43.5,4.3
43.75,3.7
44.0,3.5
44.25,3.4
44.5,3.7
44.75,3.8
45.0,2.8
45.25,2.5
45.5,2.6
45.75,2.9
46.0,3.0
46.25,3.0
46.5,3.1
46.75,3.1
47.0,3.1
47.25,3.0
47.5,3.1
47.75,2.9
48.0,2.7
48.25,2.9
48.5,3.9
48.75,4.1
49.0,3.1
49.25,2.7
49.5,2.8
49.75,3.1
50.0,3.1
50.25,3.1
50.5,3.1
50.75,3.0
51.0,3.0
51.25,3.0
51.5,3.0
51.75,2.6
52.0,2.5
52.25,2.7
52.5,3.3
52.75,3.6
53.0,3.3
53.25,3.3
53.5,3.9
53.75,6.8
54.0,10.3
54.25,7.4
54.5,6.3
54.75,10.4
55.0,13.5
55.25,23.4
55.5,37.4
55.75,54.1
56.0,66.5
56.25,66.1
56.5,65.8
56.75,68.5
57.0,69.8
57.25,68.9
57.5,70.3
57.75,67.1
58.0,66.4
58.25,66.4
58.5,61.8
58.75,57.0
59.0,55.0
59.25,44.8
59.5,31.6
59.75,22.4
60.0,15.5
60.25,12.7
60.5,13.9
60.75,14.1
61.0,14.2
61.25,11.6
61.5,5.8
61.75,4.5
62.0,4.7
62.25,4.7
62.5,4.8
62.75,4.9
63.0,4.6
63.25,4.4
63.5,4.7
63.75,6.3
64.0,7.3
64.25,10.7
64.5,13.7
64.75,8.6
65.0,7.7
65.25,11.4
65.5,13.9
65.75,16.4
66.0,18.9
66.25,21.4
66.5,23.9
66.75,22.7
67.0,16.7
67.25,13.2
67.5,11.9
67.75,13.0
68.0,13.7
68.25,13.4
68.5,15.4
68.75,20.9
69.0,27.6
69.25,35.1
69.5,40.9
69.75,36.7
70.0,29.2
70.25,22.1
70.5,16.4
70.75,13.5
71.0,13.5
71.25,13.4
71.5,12.3
71.75,13.0
72.0,15.7
72.25,21.8
72.5,24.2
72.75,22.1
73.0,19.5
73.25,17.0
73.5,14.5
73.75,12.0
74.0,8.1
74.25,7.3
74.5,13.0
74.75,11.8
75.0,7.7
75.25,6.7
75.5,4.8
75.75,4.4
76.0,4.5
76.25,4.8
76.5,4.9
76.75,4.6
77.0,4.7
77.25,4.5
77.5,5.1
77.75,10.4
78.0,14.1
78.25,14.2
78.5,14.0
78.75,12.9
79.0,14.3
79.25,21.0
79.5,29.4
79.75,42.1
80.0,53.7
80.25,56.6
80.5,60.6
80.75,65.9
81.0,66.7
81.25,66.5
81.5,70.1
81.75,69.2
82.0,69.6
82.25,69.0
82.5,66.3
82.75,65.5
83.0,67.3
83.25,57.4
83.5,40.6
83.75,26.1
84.0,14.6
84.25,11.0
84.5,6.8
84.75,6.7
85.0,10.3
85.25,7.8
85.5,4.1
85.75,3.4
86.0,3.3
86.25,3.5
86.5,3.4
86.75,2.8
87.0,2.5
87.25,2.6
87.5,2.9
87.75,4.2
88.0,7.3
88.25,6.8
88.5,4.4
88.75,5.1
89.0,5.4
89.25,5.3
89.5,5.5
89.75,6.0
90.0,6.2
90.25,6.3
90.5,6.2
90.75,6.2
91.0,5.8
91.25,5.9
91.5,6.0
91.75,6.1
